old_id,old_url,canonical_id,canonical_url,titles,reason
10,https://elprofessor.net/blog/%D8%A7%D9%84%D8%B0%D9%83%D8%A7%D8%A1-%D8%A7%D9%84%D8%A7%D8%B5%D8%B7%D9%86%D8%A7%D8%B9%D9%8A-%D9%8A%D9%83%D8%AA%D8%A8-%D9%88%D9%8A%D8%B1%D8%B3%D9%85-%D9%81%D9%85%D9%86-%D9%8A%D9%85%D9%84%D9%83-%D8%A7%D9%84%D8%AD%D9%82%D9%88%D9%82-10,13,https://elprofessor.net/blog/%D8%A7%D9%84%D8%B0%D9%83%D8%A7%D8%A1-%D8%A7%D9%84%D8%A7%D8%B5%D8%B7%D9%86%D8%A7%D8%B9%D9%8A-%D9%8A%D9%83%D8%AA%D8%A8-%D9%88%D9%8A%D8%A8%D8%AF%D8%B9-%D9%81%D9%85%D9%86-%D9%8A%D9%85%D9%84%D9%83-%D8%A7%D9%84%D8%AD%D9%82%D9%88%D9%82-13,الذكاء الاصطناعي يكتب ويرسم.. فمن يملك الحقوق؟ || الذكاء الاصطناعي يكتب ويبدع.. فمن يملك الحقوق؟,"Same article rewritten (identical H2 outline: author concept, two opinions, no special text); 13 has FAQ + longer body"
16,https://elprofessor.net/blog/%D8%A7%D9%84%D8%AA%D8%B3%D9%88%D9%8A%D9%82-%D8%A7%D9%84%D9%82%D8%A7%D9%86%D9%88%D9%86%D9%8A-%D9%81%D9%8A-%D9%85%D8%B5%D8%B1-%D8%B6%D8%B1%D9%88%D8%B1%D8%A9-%D8%A7%D9%84%D8%B9%D8%B5%D8%B1-%D8%A7%D9%84%D8%B1%D9%82%D9%85%D9%8A-%D9%88%D8%AD%D8%AF%D9%88%D8%AF-%D8%A7%D9%84%D9%85%D9%87%D9%86%D8%A9-16,38,https://elprofessor.net/blog/%D8%A7%D9%84%D8%AA%D8%B3%D9%88%D9%8A%D9%82-%D8%A7%D9%84%D9%82%D8%A7%D9%86%D9%88%D9%86%D9%8A-%D8%A8%D9%84%D8%A7-%D9%85%D8%AE%D8%A7%D9%84%D9%81%D8%A9-%D8%A2%D8%AF%D8%A7%D8%A8-%D8%A7%D9%84%D9%85%D9%87%D9%86%D8%A9-%D9%83%D9%8A%D9%81-%D9%8A%D8%B7%D9%84%D8%A8%D9%83-%D8%A7%D9%84%D9%85%D9%88%D9%83%D9%84-%D8%A8%D8%A7%D9%84%D8%A7%D8%B3%D9%85-38,التسويق القانوني في مصر: ضرورة العصر الرقمي وحدود المهنة || التسويق القانوني بلا مخالفة آداب المهنة: كيف يطلبك الموكل بالاسم,Same intent (legal marketing within professional-ethics limits); 38 longer with 5 FAQ
8,https://elprofessor.net/blog/%D8%AF%D9%84%D9%8A%D9%84-%D8%A7%D9%84%D9%85%D8%AD%D8%A7%D9%85%D9%8A-%D9%84%D8%AA%D8%AD%D8%B5%D9%8A%D9%84-%D8%A3%D8%AA%D8%B9%D8%A7%D8%A8%D9%87-%D8%AF%D9%88%D9%86-%D8%A5%D8%AD%D8%B1%D8%A7%D8%AC-%D8%B5%D9%8A%D8%BA%D8%A9-%D8%A7%D8%AA%D9%81%D8%A7%D9%82-%D8%A3%D8%AA%D8%B9%D8%A7%D8%A8-%D8%AA%D8%AD%D9%85%D9%8A%D9%83-%D9%82%D8%A7%D9%86%D9%88%D9%86%D8%A7-8,79,https://elprofessor.net/blog/%D9%86%D9%85%D9%88%D8%B0%D8%AC-%D8%B9%D9%82%D8%AF-%D8%A3%D8%AA%D8%B9%D8%A7%D8%A8-%D9%85%D8%AD%D8%A7%D9%85%D8%A7%D8%A9-79,دليل المحامي لتحصيل أتعابه دون إحراج: صيغة اتفاق أتعاب تحميك قانونًا || نموذج عقد أتعاب محاماة,Same intent (lawyer fee agreement template/clauses + collection); 79 is longest (8.7k chars) with 6 FAQ
144,https://elprofessor.net/blog/%D8%B9%D9%82%D8%AF-%D8%A7%D9%84%D8%A3%D8%AA%D8%B9%D8%A7%D8%A8-%D8%A7%D9%84%D9%84%D9%8A-%D8%A8%D9%8A%D8%AD%D9%85%D9%8A%D9%83-%D8%A7%D9%84%D8%A8%D9%86%D9%88%D8%AF-%D9%88%D8%A7%D9%84%D9%86%D9%85%D9%88%D8%B0%D8%AC-%D8%A7%D9%84%D9%84%D9%8A-%D9%8A%D8%B6%D9%85%D9%86-%D8%AA%D8%AD%D8%B5%D9%8A%D9%84-%D9%81%D9%84%D9%88%D8%B3%D9%83-%D9%85%D9%86-%D8%A7%D9%84%D9%85%D9%88%D9%83%D9%84-144,79,https://elprofessor.net/blog/%D9%86%D9%85%D9%88%D8%B0%D8%AC-%D8%B9%D9%82%D8%AF-%D8%A3%D8%AA%D8%B9%D8%A7%D8%A8-%D9%85%D8%AD%D8%A7%D9%85%D8%A7%D8%A9-79,عقد الأتعاب اللي بيحميك: البنود والنموذج اللي يضمن تحصيل فلوسك من الموكل || نموذج عقد أتعاب محاماة,Same intent (fee agreement clauses + template to secure collection); 79 is longest with 6 FAQ
52,https://elprofessor.net/blog/%D8%B4%D8%B1%D9%88%D8%B7-%D8%A7%D9%84%D8%A7%D9%86%D8%B6%D9%85%D8%A7%D9%85-%D9%84%D9%82%D9%88%D8%A7%D8%A6%D9%85-%D8%A7%D9%84%D9%85%D8%AD%D9%83%D9%85%D9%8A%D9%86-%D8%A7%D9%84%D9%85%D8%B9%D8%AA%D9%85%D8%AF%D9%8A%D9%86-%D8%A7%D9%84%D9%82%D8%A7%D9%87%D8%B1%D8%A9-%D8%A7%D9%84%D8%A5%D9%82%D9%84%D9%8A%D9%85%D9%8A%D8%A7%D9%84%D9%85%D8%B1%D9%83%D8%B2-%D8%A7%D9%84%D8%B3%D8%B9%D9%88%D8%AF%D9%8A-%D9%84%D9%84%D8%AA%D8%AD%D9%83%D9%8A%D9%85-%D9%83%D9%84-%D9%85%D8%A7-%D8%AA%D8%AD%D8%AA%D8%A7%D8%AC%D9%87-52,86,https://elprofessor.net/blog/%D9%83%D9%8A%D9%81-%D8%AA%D8%B5%D8%A8%D8%AD-%D9%85%D8%AD%D9%83%D9%85-%D9%85%D8%B9%D8%AA%D9%85%D8%AF-86,شروط الانضمام لقوائم المحكمين المعتمدين (القاهرة الإقليمي/المركز السعودي للتحكيم): كل ما تحتاجه || كيف تصبح محكم معتمد,Same intent (requirements to join certified arbitrator lists / become certified arbitrator); 86 longer with 6 FAQ
22,https://elprofessor.net/blog/%D9%81%D9%86-%D8%B5%D9%8A%D8%A7%D8%BA%D8%A9-%D8%A7%D9%84%D9%85%D8%B0%D9%83%D8%B1%D8%A9-%D8%A7%D9%84%D8%AA%D9%8A-%D8%AA%D9%82%D9%86%D8%B9-%D8%A7%D9%84%D9%82%D8%A7%D8%B6%D9%8A-%D9%87%D9%8A%D9%83%D9%84-%D8%A7%D9%84%D8%AF%D9%81%D9%88%D8%B9-%D9%85%D9%86-%D8%A7%D9%84%D9%85%D9%82%D8%AF%D9%85%D8%A9-%D8%AD%D8%AA%D9%89-%D8%A7%D9%84%D8%B7%D9%84%D8%A8%D8%A7%D8%AA-22,96,https://elprofessor.net/blog/%D8%B5%D9%8A%D8%A7%D8%BA%D8%A9-%D9%85%D8%B0%D9%83%D8%B1%D8%A9-%D8%AF%D9%81%D8%A7%D8%B9-%D9%85%D9%86-%D8%AA%D8%B3%D8%AC%D9%8A%D9%84-%D8%A7%D9%84%D9%88%D9%82%D8%A7%D8%A6%D8%B9-%D8%A5%D9%84%D9%89-%D8%A7%D9%84%D8%B7%D9%84%D8%A8%D8%A7%D8%AA-%D8%A7%D9%84%D8%AE%D8%AA%D8%A7%D9%85%D9%8A%D8%A9-96,فن صياغة المذكرة التي تُقنع القاضي: هيكل الدفوع من المقدمة حتى الطلبات || صياغة مذكرة دفاع: من تسجيل الوقائع إلى الطلبات الختامية,"Same intent (drafting a defence memo: structure from intro to final requests); 96 longer, equal FAQ"
26,https://elprofessor.net/blog/%D9%85%D9%86-%D9%85%D8%AD%D8%A7%D9%85-%D8%B9%D8%A7%D9%85-%D8%A5%D9%84%D9%89-%D9%85%D8%B3%D8%AA%D8%B4%D8%A7%D8%B1-%D9%85%D8%AA%D8%AE%D8%B5%D8%B5-%D9%83%D9%8A%D9%81-%D8%AA%D8%AE%D8%AA%D8%A7%D8%B1-%D9%81%D8%B1%D8%B9%D9%83-%D8%A7%D9%84%D9%82%D8%A7%D9%86%D9%88%D9%86%D9%8A-%D9%88%D8%AA%D8%A8%D9%86%D9%8A-%D8%A7%D8%B3%D9%85%D9%83-%D9%81%D9%8A%D9%87-26,127,https://elprofessor.net/blog/%D9%85%D9%86-%D9%85%D8%AD%D8%A7%D9%85%D9%8A-%D8%B9%D9%85%D9%88%D9%85%D9%8A-%D9%84%D9%85%D8%AA%D8%AE%D8%B5%D8%B5-%D8%A5%D8%B2%D8%A7%D9%8A-%D8%AA%D8%AE%D8%AA%D8%A7%D8%B1-%D8%AA%D8%AE%D8%B5%D8%B5%D9%83-%D8%B4%D8%B1%D9%83%D8%A7%D8%AA%D8%AA%D8%AD%D9%83%D9%8A%D9%85%D8%AC%D9%86%D8%A7%D8%A6%D9%8A-%D9%81%D9%8A-%D8%A3%D9%88%D9%84-3-%D8%B3%D9%86%D9%8A%D9%86-127,من محامٍ عام إلى مستشار متخصص: كيف تختار فرعك القانوني وتبني اسمك فيه || من محامي عمومي لمتخصّص: إزاي تختار تخصصك (شركات/تحكيم/جنائي) في أول 3 سنين,Same intent (moving from general lawyer to specialist: choosing a field); 127 longer (8.5k) with concrete field breakdown
105,https://elprofessor.net/blog/%D9%85%D9%86-%D9%83%D9%84%D9%8A%D8%A9-%D8%A7%D9%84%D8%AD%D9%82%D9%88%D9%82-%D9%84%D9%84%D9%85%D8%AD%D9%83%D9%85%D8%A9-%D8%A5%D8%B2%D8%A7%D9%8A-%D8%AA%D9%83%D8%AA%D8%A8-%D8%A3%D9%88%D9%84-%D8%B5%D8%AD%D9%8A%D9%81%D8%A9-%D8%AF%D8%B9%D9%88%D9%89-%D9%88%D9%85%D8%B0%D9%83%D8%B1%D8%A9-%D8%AF%D9%81%D8%A7%D8%B9-%D8%A8%D8%A5%D9%8A%D8%AF%D9%83-%D8%A8%D8%A7%D9%84%D9%86%D9%85%D8%A7%D8%B0%D8%AC-105,163,https://elprofessor.net/blog/%D9%83%D8%AA%D8%A7%D8%A8%D8%A9-%D8%B5%D8%AD%D9%8A%D9%81%D8%A9-%D8%A7%D9%84%D8%AF%D8%B9%D9%88%D9%89-%D8%AF%D9%84%D9%8A%D9%84-%D8%B9%D9%85%D9%84%D9%8A-%D9%84%D9%84%D8%AE%D8%B1%D9%8A%D8%AC%D9%8A%D9%86-%D8%A7%D9%84%D8%AC%D8%AF%D8%AF-%D9%81%D9%8A-%D8%B5%D9%8A%D8%A7%D8%BA%D8%A9-%D8%B9%D8%B1%D9%8A%D8%B6%D8%A9-%D8%AA%D9%82%D8%A8%D9%84%D9%87%D8%A7-%D8%A7%D9%84%D9%85%D8%AD%D9%83%D9%85%D8%A9-163,من كلية الحقوق للمحكمة: إزاي تكتب أول صحيفة دعوى ومذكرة دفاع بإيدك (بالنماذج) || كتابة صحيفة الدعوى: دليل عملي للخريجين الجدد في صياغة عريضة تقبلها المحكمة,Same intent for new graduates (writing a statement of claim); 163 far longer (10.2k) with 5 FAQ
224,https://elprofessor.net/blog/%D8%A5%D9%82%D8%B1%D8%A7%D8%B1-%D9%86%D8%B8%D8%A7%D9%85-%D8%A7%D9%84%D8%AA%D8%B9%D8%A7%D9%88%D9%86%D9%8A%D8%A7%D8%AA-%D9%86%D9%82%D9%84%D8%A9-%D8%AA%D9%86%D8%B8%D9%8A%D9%85%D9%8A%D8%A9-%D9%84%D8%AF%D8%B9%D9%85-%D8%A7%D9%84%D8%AD%D9%88%D9%83%D9%85%D8%A9-%D9%88%D8%A7%D9%84%D8%AA%D9%86%D9%85%D9%8A%D8%A9-224,218,https://elprofessor.net/blog/%D8%A5%D9%82%D8%B1%D8%A7%D8%B1-%D9%86%D8%B8%D8%A7%D9%85-%D8%A7%D9%84%D8%AA%D8%B9%D8%A7%D9%88%D9%86%D9%8A%D8%A7%D8%AA-%D8%A7%D9%84%D8%AC%D8%AF%D9%8A%D8%AF-%D9%81%D9%8A-%D8%A7%D9%84%D8%B3%D8%B9%D9%88%D8%AF%D9%8A%D8%A9-218,إقرار نظام التعاونيات.. نقلة تنظيمية لدعم الحوكمة والتنمية || إقرار نظام التعاونيات الجديد في السعودية,"Same news/search intent (Saudi cooperatives law approval); 218 longer and older, equal FAQ"
